Item,Qty,Reference(s),Value,LibPart,Footprint,Datasheet,Description,Manufacturer,Part Number
1,33,"C1, C3, C5, C7, C10, C11, C16, C19, C22, C24, C29, C30, C33, C34, C35, C36, C37, C38, C39, C40, C45, C47, C54, C55, C56, C57, C60, C63, C65, C66, C67, C115, C125",33pF,device:C,,,CAP CER 33PF 50V 5% NP0 0402,Murata,GRM1555C1H330JA01D
2,3,"C97, C98, C100",330nF,device:C,,,CAP CER 0.33UF 10V 10% X5R 0402,Murata,GRM155R61A334KE15D
3,12,"C8, C21, C32, C43, C48, C51, C84, C85, C86, C94, C99, C102",22pF,device:C,,,CAP CER 22PF 50V 5% NP0 0402,Murata,GRM1555C1H220JA01D
4,2,"C104, C111",3pF,device:C,,,CAP CER 3PF 50V NP0 0402,Murata,GRM1555C1H3R0CA01D
5,6,"C105, C126, C127, C143, C145, C146",10uF,device:C,,,CAP CER 10UF 10V 10% X5R 0805,Murata,GRM21BR61A106KE19L
6,4,"C53, C106, C161, C171",1uF,device:C,,,CAP CER 1UF 10V 10% X5R 0402,Taiyo Yuden,LMK105BJ105KV-F
7,2,"C15, C112",180pF,device:C,,,CAP CER 180PF 50V 5% NP0 0402,Murata,GRM1555C1H181JA01D
8,57,"C9, C17, C18, C20, C23, C25, C28, C31, C44, C46, C49, C50, C58, C59, C61, C62, C64, C71, C73, C75, C77, C79, C81, C83, C91, C113, C119, C120, C121, C122, C123, C128, C129, C130, C131, C132, C133, C134, C135, C136, C137, C138, C139, C140, C141, C142, C144, C147, C148, C149, C150, C151, C152, C153, C154, C166, C167",100nF,device:C,,,CAP CER 0.1UF 10V 10% X5R 0402,Murata,GRM155R61A104KA01D
9,1,C114,3.3nF,device:C,,,CAP CER 3300PF 50V 10% X7R 0402,Murata,GRM155R71H332KA01D
10,3,"C26, C27, C116",47pF,device:C,,,CAP CER 47PF 50V 5% NP0 0402,Murata,GRM1555C1H470JA01D
11,4,"C118, C157, C158, C164",18pF,device:C,,,CAP CER 18PF 50V 5% NP0 0402,Murata,GRM1555C1H180JA01D
12,2,"C12, C13",330pF,device:C,,,CAP CER 330PF 50V 10% X7R 0402,Murata,GRM155R71H331KA01D
13,7,"C72, C74, C76, C78, C80, C82, C124",2.2uF,device:C,,,CAP CER 2.2UF 10V 20% X5R 0402,Taiyo Yuden,LMK105BJ225MV-F
14,1,C14,8p2,device:C,,,CAP CER 8.2PF 50V NP0 0402,Taiyo Yuden,UMK105CG8R2DV-F
15,6,"C41, C42, C52, C70, C90, C160",100pF,device:C,,,CAP CER 100PF 50V 5% NP0 0402,Murata,GRM1555C1H101JA01D
16,10,"C2, C4, C6, C87, C88, C89, C92, C93, C162, C163",10nF,device:C,,,CAP CER 10000PF 16V 10% X7R 0402,Murata,GRM155R71C103KA01D
17,3,"D1, D3, D9",GSG-DIODE-TVS-BI,hackrf:GSG-DIODE-TVS-BI,,,TVS DIODE ESD .05PF 15KV 0402,Murata,LXES15AAA1-100
18,2,"D2, D6",TXLED,device:LED,,,LED SUPR RED CLR RT ANG 0805,Lite-On,LTST-S220KRKT
19,2,"D4, D7",VCCLED,device:LED,,,LED GREEN CLEAR RT ANG 0805,Lite-On,LTST-S220KGKT
20,2,"D5, D8",1V8LED,device:LED,,,LED YELLOW CLEAR RT ANG 0805,Lite-On,LTST-S220KSKT
21,3,"FB1, FB2, FB3",FILTER,device:FILTER,,,FERRITE CHIP 220 OHM 2000MA 0805,Murata,BLM21PG221SN1D
22,1,J1,USB-MICRO-B,hackrf:GSG-USB-MICRO-B-SHIELDED,,,CONN RCPT REV MICRO USB TYPE B,FCI,10103592-0001LF
23,2,"L10, L11",4u7,device:INDUCTOR,,,INDUCTOR 4.7UH 1.6A 20% SMD,Taiyo Yuden,NRG4026T4R7M
24,5,"L2, L3, L5, L12, L13",10uH,device:INDUCTOR,,,INDUCTR 10UH 220MA 20% 0603 SMD,Taiyo Yuden,BRL1608T100M
25,1,L7,6.2nH,device:INDUCTOR,,,INDUCTOR HIFREQ 6.2+/-0.3NH 0402,Taiyo Yuden,HK10056N2S-T
26,3,"P2, P4, P16",ANTENNA,hackrf:GSG-RF-CONN,,,CONN SMA JACK 50 OHM EDGE MNT W/JAM NUT & LOCK WASHER,Molex,73251-2121
27,2,"P20, P28",SD,hackrf:CONN_11X2,,,"CONN HEADER FMAL 22PS.1"" DL GOLD",Sullins,PPPC112LFBN-RC
28,1,P22,I2S,hackrf-one-cache:CONN_13X2,,,"CONN HEADER FMAL 26PS.1"" DL GOLD",Sullins,PPPC132LFBN-RC
29,1,P9,BASEBAND,hackrf-one-cache:CONN_8X2,,,"CONN HEADER FMAL 16PS.1"" DL GOLD",Sullins,PPPC082LFBN-RC
30,3,"Q1, Q2, Q4",MOSFET_P,hackrf-one-cache:MOSFET_P,,,MOSFET P-CH 50V 130MA SOT-23,Fairchild,BSS84
31,1,Q3,MOSFET_P,hackrf-one-cache:MOSFET_P,,,MOSFET P-CH 20V 4.2A SOT-23,Diodes Inc.,DMP2305U-7
32,1,Q5,MOSFET_P,hackrf-one-cache:MOSFET_P,,,MOSFET P-CH -30V -4.3A SOT23,Alpha and Omega,AO3407A
33,6,"R1, R2, R25, R26, R72, R75",470,device:R,,,RES TF 1/16W 470 OHM 5% 0402,Stackpole,RMCF0402JT470R
34,6,"R8, R9, R10, R13, R73, R76",1k,device:R,,,RES 1K OHM 1/16W 1% 0402,Stackpole,RMCF0402FT1K00
35,22,"R19, R30, R31, R32, R33, R34, R77, R78, R79, R80, R81, R86, R87, R88, R89, R90, R91, R94, R96, R98, R99, R100",39,device:R,,,RES 39 OHM 1/16W 5% 0402 SMD,Stackpole,RMCF0402JT39R0
36,26,"R5, R6, R7, R11, R12, R24, R29, R36, R37, R41, R48, R49, R51, R52, R54, R59, R63, R64, R65, R66, R67, R68, R85, R93, R104, R105",10k,device:R,,,RES 10K OHM 1/16W 5% 0402 SMD,Stackpole,RMCF0402JT10K0
37,4,"R14, R15, R16, R17",4k7,device:R,,,RES 4.7K OHM 1/16W 1% 0402,Stackpole,RMCF0402FT4K70
38,4,"R18, R27, R28, R74",1k8,device:R,,,RES TF 1.8K OHM 5% 1/16W 0402,Stackpole,RMCF0402JT1K80
39,7,"R20, R21, R22, R23, R57, R58, R62",0,device:R,,,RES 0.0 OHM 1/16W 0402 SMD,Stackpole,RMCF0402ZT0R00
40,1,R3,22k,device:R,,,RES 22K OHM 1/10W 5% 0402 SMD,Panasonic,ERJ-2GEJ223X
41,1,R4,51k,device:R,,,RES TF 51K OHM 1% 0.0625W 0402,Stackpole,RMCF0402FT51K0
42,2,"R46, R55",162k,device:R,,,RES TF 1/16W 162K OHM 1% 0402,Stackpole,RMCF0402FT162K
43,1,R47,330k,device:R,,,RES TF 1/16W 330K OHM 1% 0402,Stackpole,RMCF0402FT330K
44,1,R56,715k,device:R,,,RES TF 1/16W 715K OHM 1% 0402,Stackpole,RMCF0402FT715K
45,1,R69,12k,device:R,,,RES 12.0K OHM 1/16W 1% 0402 SMD,Rohm,MCR01MRTF1202
46,2,"SW1, SW2",RESET,hackrf:SW_PUSH_SHIELDED,,,SWITCH TACTILE SPST-NO 0.05A 12V,TE Connectivity,FSMRA3JH
47,2,"T1, T2",MIX_OUT_BALUN,hackrf:BALUN-B0310J50100AHF,,,Ultra Low Profile 0805 Balun 50 to 100 ohm Balanced,Anaren,B0310J50100AHF
48,2,"T3, T4",TX_BALUN,hackrf:BALUN,,,BALUN CERAMIC CHIP WIMAX 2.5GHZ,Johanson Technology,2500BL14M100T
49,7,"U1, U2, U5, U6, U7, U10, U11",SKY13350,hackrf:SKY13350,,,0.01-6.0 GHz GaAs SPDT Switch,Skyworks,SKY13350-385LF
50,3,"U9, U12, U14",SKY13317,hackrf:SKY13317,,,20 MHz-6.0 GHz pHEMT GaAs SP3T Switch,Skyworks,SKY13317-373LF
51,2,"U13, U25",MGA-81563,hackrf:MGA-81563,,,"0.1-6 GHz 3 V, 14 dBm Amplifier",Avago,MGA-81563-TR1G
52,1,U15,LXES1TBCC2-004,hackrf:LXES1TBCC2-004,,,ESD Suppressors 0.55pF 6V 2ch,Murata,LXES1TBCC2-004
53,1,U17,MAX2837,hackrf:MAX2837,,,IC TXRX 2.3GHZ-2.7GHZ 48TQFN,Maxim,MAX2837ETM+
54,1,U18,MAX5864,hackrf:MAX5864,,,IC ANLG FRONT END 22MSPS 48-TQFN,Maxim,MAX5864ETM+
55,1,U19,SI5351C,hackrf:SI5351C,,,IC CLK GENERATOR 160MHZ 20QFN,Silicon Laboratories Inc,SI5351C-B-GM
56,1,U20,W25Q80BV,hackrf:W25Q80BV,,,IC FLASH 8MBIT 8SOIC,Winbond,W25Q80BVSSIG
57,1,U21,TPS62410,hackrf:TPS62410,,,IC BUCK SYNC DUAL ADJ 0.8A 10SON,Texas Instruments,TPS62410DRCR
58,1,U23,LPC4320FBD144,hackrf:LPC43XXFBD144,,,IC MCU 32BIT 144LQFP,NXP,"LPC4320FBD144,551"
59,1,U24,GSG-XC2C64A-7VQG100C,hackrf:GSG-XC2C64A-7VQG100C,,,IC CR-II CPLD 64MCELL 100-VQFP,Xilinx,XC2C64A-7VQG100C
60,1,U3,RX_LOWPASS_FILTER,hackrf:FIL-LP0603,,,FILTER LOW PASS 1880MHZ 0603 SMD,AVX,LP0603A1880ANTR
61,1,U4,RFFC5072,hackrf:RFFC5072,,,WIDEBAND SYNTHESIZER/VCO WITH INTEGRATED 6GHz MIXER,RFMD,RFFC5072TR7
62,1,U8,RX_HIGHPASS_FILTER,hackrf:FIL-DEA,,,FILTER HIGHPASS WLAN&BLUETOOTH,TDK,DEA162400HT-8004B1
63,1,X1,GSG-XTAL4PIN,hackrf:GSG-XTAL4PIN,,,CRYSTAL 25.000MHZ 8PF SMD,AVX,CX3225GB25000D0HEQZ1
64,1,X2,MCU_XTAL,hackrf:GSG-XTAL4PIN,,,CRYSTAL 12.000 MHZ 12PF SMD,TXC,7V-12.000MAAE-T
65,1,X3,RTC_XTAL,hackrf-one-cache:CRYSTAL,,,CRYSTAL 32.768KHZ 12.5PF SMD,Abracon,AB26TRQ-32.768KHZ-T
